{"cameraMode":{"drawMode":0,"name":"Shaded","section":"Shading Mode"},"sceneLighting":true,"audioPlay":false,"sceneViewState":{"showFog":true,"showMaterialUpdate":true,"showSkybox":true,"showFlares":true,"showImageEffects":true,"showParticleSystems":true},"in2DMode":false,"pivot":{"x":-6.049769401550293,"y":2.7114410400390627,"z":-12.782026290893555},"rotation":{"x":0.5158253312110901,"y":0.2675369679927826,"z":-0.1735963672399521,"w":0.7953035831451416},"size":8.803110122680664,"orthographic":false}