{"cameraMode":{"drawMode":0,"name":"Shaded","section":"Shading Mode"},"sceneLighting":true,"audioPlay":false,"sceneViewState":{"showFog":true,"showMaterialUpdate":false,"showSkybox":true,"showFlares":true,"showImageEffects":true,"showParticleSystems":true},"in2DMode":false,"pivot":{"x":2.701432228088379,"y":-0.6269173622131348,"z":7.2404961585998539},"rotation":{"x":0.2952888309955597,"y":0.5934609770774841,"z":-0.24661991000175477,"w":0.7073014974594116},"size":7.105537414550781,"orthographic":false}