{"cameraMode":{"drawMode":0,"name":"Shaded","section":"Shading Mode"},"sceneLighting":true,"audioPlay":false,"sceneViewState":{"showFog":true,"showMaterialUpdate":false,"showSkybox":true,"showFlares":true,"showImageEffects":true,"showParticleSystems":true},"in2DMode":false,"pivot":{"x":15.663209915161133,"y":3.1391286849975588,"z":19.635272979736329},"rotation":{"x":0.1303640902042389,"y":-0.8594560623168945,"z":0.27194952964782717,"w":0.4130883812904358},"size":18.04796028137207,"orthographic":false}