{"cameraMode":{"drawMode":0,"name":"Shaded","section":"Shading Mode"},"sceneLighting":true,"audioPlay":false,"sceneViewState":{"showFog":true,"showMaterialUpdate":false,"showSkybox":true,"showFlares":true,"showImageEffects":true,"showParticleSystems":true},"in2DMode":false,"pivot":{"x":-4.1438703536987309,"y":2.096506357192993,"z":-11.770576477050782},"rotation":{"x":-0.2760155200958252,"y":0.4469979703426361,"z":-0.14756502211093903,"w":-0.838083028793335},"size":0.893227756023407,"orthographic":false}