{"cameraMode":{"drawMode":0,"name":"Shaded","section":"Shading Mode"},"sceneLighting":true,"audioPlay":false,"sceneViewState":{"showFog":true,"showMaterialUpdate":true,"showSkybox":true,"showFlares":true,"showImageEffects":true,"showParticleSystems":true},"in2DMode":false,"pivot":{"x":-6.217126846313477,"y":3.6520676612854006,"z":1.469980001449585},"rotation":{"x":-0.30920955538749697,"y":0.6403975486755371,"z":-0.3158814013004303,"w":-0.6282552480697632},"size":1.3319227695465088,"orthographic":false}