{"cameraMode":{"drawMode":0,"name":"Shaded","section":"Shading Mode"},"sceneLighting":false,"audioPlay":false,"sceneViewState":{"showFog":true,"showMaterialUpdate":false,"showSkybox":true,"showFlares":true,"showImageEffects":true,"showParticleSystems":true},"in2DMode":false,"pivot":{"x":13.897491455078125,"y":-21.13343048095703,"z":-44.00574493408203},"rotation":{"x":0.2415667325258255,"y":0.6005639433860779,"z":-0.196780726313591,"w":0.7365221381187439},"size":80.02074432373047,"orthographic":false}