{"cameraMode":{"drawMode":0,"name":"Shaded","section":"Shading Mode"},"sceneLighting":true,"audioPlay":false,"sceneViewState":{"showFog":true,"showMaterialUpdate":false,"showSkybox":true,"showFlares":true,"showImageEffects":true,"showParticleSystems":true},"in2DMode":false,"pivot":{"x":34.93212890625,"y":-3.137219190597534,"z":16.163131713867189},"rotation":{"x":-0.0314231812953949,"y":-0.5638439059257507,"z":0.021023202687501909,"w":-0.8251654505729675},"size":32.520992279052737,"orthographic":false}