{"cameraMode":{"drawMode":0,"name":"Shaded","section":"Shading Mode"},"sceneLighting":true,"audioPlay":false,"sceneViewState":{"showFog":true,"showMaterialUpdate":true,"showSkybox":true,"showFlares":true,"showImageEffects":true,"showParticleSystems":true},"in2DMode":false,"pivot":{"x":-0.09826254844665528,"y":-5.640149116516113,"z":0.3861188292503357},"rotation":{"x":0.42582473158836367,"y":0.5632866024971008,"z":-0.420449435710907,"w":0.5700230002403259},"size":4.579667568206787,"orthographic":false}