{"cameraMode":{"drawMode":0,"name":"Shaded","section":"Shading Mode"},"sceneLighting":false,"audioPlay":false,"sceneViewState":{"showFog":true,"showMaterialUpdate":false,"showSkybox":true,"showFlares":true,"showImageEffects":true,"showParticleSystems":true},"in2DMode":false,"pivot":{"x":0.4140625,"y":-1.3405044078826905,"z":-0.2714444696903229},"rotation":{"x":-0.17232081294059754,"y":-0.3781862258911133,"z":0.0718998908996582,"w":-0.9067742824554443},"size":7.524316310882568,"orthographic":false}