{"cameraMode":{"drawMode":0,"name":"Shaded","section":"Shading Mode"},"sceneLighting":true,"audioPlay":false,"sceneViewState":{"showFog":true,"showMaterialUpdate":true,"showSkybox":true,"showFlares":true,"showImageEffects":true,"showParticleSystems":true},"in2DMode":false,"pivot":{"x":-3.4963998794555666,"y":-1.3586068153381348,"z":1.8521301746368409},"rotation":{"x":-0.42411530017852785,"y":0.49821749329566958,"z":-0.30549168586730959,"w":-0.6920136213302612},"size":4.086835861206055,"orthographic":false}