{"cameraMode":{"drawMode":0,"name":"Shaded","section":"Shading Mode"},"sceneLighting":true,"audioPlay":false,"sceneViewState":{"showFog":true,"showMaterialUpdate":true,"showSkybox":true,"showFlares":true,"showImageEffects":true,"showParticleSystems":true},"in2DMode":false,"pivot":{"x":-9.200220108032227,"y":2.143200397491455,"z":1.1954779624938965},"rotation":{"x":-0.21779301762580872,"y":0.6547236442565918,"z":-0.20528556406497956,"w":-0.6943058967590332},"size":4.086835861206055,"orthographic":false}