{"cameraMode":{"drawMode":0,"name":"Shaded","section":"Shading Mode"},"sceneLighting":true,"audioPlay":false,"sceneViewState":{"showFog":true,"showMaterialUpdate":false,"showSkybox":true,"showFlares":true,"showImageEffects":true,"showParticleSystems":true},"in2DMode":false,"pivot":{"x":0.42435014247894289,"y":2.9755213260650636,"z":6.238208770751953},"rotation":{"x":0.2130163013935089,"y":-0.037973593920469287,"z":0.009233839809894562,"w":0.9765090346336365},"size":3.9326984882354738,"orthographic":false}