{"cameraMode":{"drawMode":0,"name":"Shaded","section":"Shading Mode"},"sceneLighting":true,"audioPlay":false,"sceneViewState":{"showFog":true,"showMaterialUpdate":true,"showSkybox":true,"showFlares":true,"showImageEffects":true,"showParticleSystems":true},"in2DMode":false,"pivot":{"x":-5.263848304748535,"y":1.3952093124389649,"z":1.8785133361816407},"rotation":{"x":0.042787663638591769,"y":0.9016538858413696,"z":-0.4209262430667877,"w":0.0906386598944664},"size":7.384664535522461,"orthographic":false}