{"cameraMode":{"drawMode":0,"name":"Shaded","section":"Shading Mode"},"sceneLighting":true,"audioPlay":false,"sceneViewState":{"showFog":true,"showMaterialUpdate":false,"showSkybox":true,"showFlares":true,"showImageEffects":true,"showParticleSystems":true},"in2DMode":false,"pivot":{"x":-10.946002006530762,"y":-5.858036041259766,"z":13.888748168945313},"rotation":{"x":0.0351850800216198,"y":-0.9438269734382629,"z":0.31101223826408389,"w":0.10694557428359986},"size":49.45482635498047,"orthographic":false}