{"cameraMode":{"drawMode":0,"name":"Shaded","section":"Shading Mode"},"sceneLighting":true,"audioPlay":false,"sceneViewState":{"showFog":true,"showMaterialUpdate":true,"showSkybox":true,"showFlares":true,"showImageEffects":true,"showParticleSystems":true},"in2DMode":false,"pivot":{"x":-1.1726179122924805,"y":-0.3961343765258789,"z":5.5489702224731449},"rotation":{"x":-0.2376101016998291,"y":0.6445626616477966,"z":-0.22166837751865388,"w":-0.6923061609268189},"size":5.796766757965088,"orthographic":false}