{"cameraMode":{"drawMode":0,"name":"Shaded","section":"Shading Mode"},"sceneLighting":false,"audioPlay":false,"sceneViewState":{"showFog":true,"showMaterialUpdate":false,"showSkybox":false,"showFlares":true,"showImageEffects":true,"showParticleSystems":true},"in2DMode":false,"pivot":{"x":0.027314841747283937,"y":-0.12335121631622315,"z":0.873934805393219},"rotation":{"x":0.2992378771305084,"y":0.17474626004695893,"z":-0.055840082466602328,"w":0.9363842606544495},"size":3.10378098487854,"orthographic":false}