{"cameraMode":{"drawMode":0,"name":"Shaded","section":"Shading Mode"},"sceneLighting":true,"audioPlay":false,"sceneViewState":{"showFog":true,"showMaterialUpdate":false,"showSkybox":true,"showFlares":true,"showImageEffects":true,"showParticleSystems":true},"in2DMode":false,"pivot":{"x":-8.005640029907227,"y":2.2181811332702638,"z":-2.2727675437927248},"rotation":{"x":-0.02683604694902897,"y":0.9713118672370911,"z":-0.13371939957141877,"w":-0.19488626718521119},"size":3.8996129035949709,"orthographic":false}