{"cameraMode":{"drawMode":0,"name":"Shaded","section":"Shading Mode"},"sceneLighting":true,"audioPlay":false,"sceneViewState":{"showFog":true,"showMaterialUpdate":true,"showSkybox":true,"showFlares":true,"showImageEffects":true,"showParticleSystems":true},"in2DMode":false,"pivot":{"x":2.486072301864624,"y":7.209084510803223,"z":-12.169940948486329},"rotation":{"x":0.22392188012599946,"y":-0.34941449761390688,"z":0.08657576888799668,"w":0.9058651924133301},"size":-3.4830493927001955,"orthographic":false}