{"cameraMode":{"drawMode":0,"name":"Shaded","section":"Shading Mode"},"sceneLighting":true,"audioPlay":false,"sceneViewState":{"showFog":true,"showMaterialUpdate":false,"showSkybox":true,"showFlares":true,"showImageEffects":true,"showParticleSystems":true},"in2DMode":false,"pivot":{"x":-2.954953670501709,"y":0.835949182510376,"z":1.026155948638916},"rotation":{"x":0.08098626881837845,"y":0.07589086145162583,"z":-0.006236605811864138,"w":0.9938703775405884},"size":9.190962791442871,"orthographic":false}