{"cameraMode":{"drawMode":0,"name":"Shaded","section":"Shading Mode"},"sceneLighting":true,"audioPlay":false,"sceneViewState":{"showFog":true,"showMaterialUpdate":false,"showSkybox":true,"showFlares":true,"showImageEffects":true,"showParticleSystems":true},"in2DMode":false,"pivot":{"x":-4.736568450927734,"y":1.7915356159210206,"z":-4.723380088806152},"rotation":{"x":-0.04506431147456169,"y":-0.9527537822723389,"z":0.24407215416431428,"w":-0.17530082166194917},"size":2.7067720890045168,"orthographic":false}