{"cameraMode":{"drawMode":0,"name":"Shaded","section":"Shading Mode"},"sceneLighting":true,"audioPlay":false,"sceneViewState":{"showFog":true,"showMaterialUpdate":false,"showSkybox":true,"showFlares":true,"showImageEffects":true,"showParticleSystems":true},"in2DMode":false,"pivot":{"x":-0.3237180709838867,"y":0.1144481897354126,"z":8.501879692077637},"rotation":{"x":0.1470649689435959,"y":-0.18750262260437013,"z":0.02824568748474121,"w":0.9708373546600342},"size":1.4631636142730713,"orthographic":false}