{"cameraMode":{"drawMode":0,"name":"Shaded","section":"Shading Mode"},"sceneLighting":true,"audioPlay":false,"sceneViewState":{"showFog":true,"showMaterialUpdate":true,"showSkybox":true,"showFlares":true,"showImageEffects":true,"showParticleSystems":true},"in2DMode":false,"pivot":{"x":0.5906029939651489,"y":2.2825918197631838,"z":-26.480634689331056},"rotation":{"x":0.04900101572275162,"y":-0.9508115649223328,"z":0.22607840597629548,"w":0.20678919553756715},"size":2.702500104904175,"orthographic":false}