{"cameraMode":{"drawMode":0,"name":"Shaded","section":"Shading Mode"},"sceneLighting":true,"audioPlay":false,"sceneViewState":{"showFog":true,"showMaterialUpdate":false,"showSkybox":true,"showFlares":true,"showImageEffects":true,"showParticleSystems":true},"in2DMode":false,"pivot":{"x":-0.598181426525116,"y":0.49456745386123659,"z":7.967728137969971},"rotation":{"x":0.16513875126838685,"y":0.24400068819522859,"z":-0.04235124588012695,"w":0.9547293782234192},"size":0.26316362619400027,"orthographic":false}