{"cameraMode":{"drawMode":0,"name":"Shaded","section":"Shading Mode"},"sceneLighting":true,"audioPlay":false,"sceneViewState":{"showFog":true,"showMaterialUpdate":true,"showSkybox":true,"showFlares":true,"showImageEffects":true,"showParticleSystems":true},"in2DMode":false,"pivot":{"x":-1.4541640281677247,"y":1.5384058952331544,"z":1.871893286705017},"rotation":{"x":0.16573743522167207,"y":0.821604311466217,"z":-0.4581311345100403,"w":0.29633912444114687},"size":0.016265153884887697,"orthographic":false}